{"signal_test": {"content": [19339, 15644, 12566, 7574, 7600, 6395, 5654, 4019, 3092, 1868], "binning": [0.0, 0.1, 0.2, 0.30000000000000004, 0.4, 0.5, 0.6000000000000001, 0.7000000000000001, 0.8, 0.9, 1.0]}, "signal-bckg_test": {"separation": 0.3295156955718994}, "bckg_train": {"content": [4512, 7404, 9256, 12798, 14891, 18023, 18111, 30336, 35991, 44487], "binning": [0.0, 0.1, 0.2, 0.30000000000000004, 0.4, 0.5, 0.6000000000000001, 0.7000000000000001, 0.8, 0.9, 1.0]}, "signal_train": {"content": [44679, 35913, 30199, 17960, 17702, 15192, 13141, 9155, 7362, 4506], "binning": [0.0, 0.1, 0.2, 0.30000000000000004, 0.4, 0.5, 0.6000000000000001, 0.7000000000000001, 0.8, 0.9, 1.0]}, "bckg_test": {"content": [1862, 3109, 4064, 5496, 6303, 7735, 7642, 12618, 15660, 19262], "binning": [0.0, 0.1, 0.2, 0.30000000000000004, 0.4, 0.5, 0.6000000000000001, 0.7000000000000001, 0.8, 0.9, 1.0]}}