{"signal_test": {"content": [650, 1495, 2566, 2729, 4169, 5754, 8159, 10294, 16171, 31998], "binning": [0.0, 0.1, 0.2, 0.30000000000000004, 0.4, 0.5, 0.6000000000000001, 0.7000000000000001, 0.8, 0.9, 1.0]}, "signal-bckg_test": {"separation": 0.593294084072113}, "bckg_train": {"content": [75510, 37875, 23889, 18470, 13146, 10002, 6396, 5845, 3155, 1287], "binning": [0.0, 0.1, 0.2, 0.30000000000000004, 0.4, 0.5, 0.6000000000000001, 0.7000000000000001, 0.8, 0.9, 1.0]}, "signal_train": {"content": [1309, 3167, 5830, 6265, 9713, 13314, 18979, 23846, 37723, 75429], "binning": [0.0, 0.1, 0.2, 0.30000000000000004, 0.4, 0.5, 0.6000000000000001, 0.7000000000000001, 0.8, 0.9, 1.0]}, "bckg_test": {"content": [32055, 16217, 10309, 7931, 5717, 4281, 2757, 2584, 1487, 647], "binning": [0.0, 0.1, 0.2, 0.30000000000000004, 0.4, 0.5, 0.6000000000000001, 0.7000000000000001, 0.8, 0.9, 1.0]}}