{"signal_test": {"content": [860, 1601, 2048, 2650, 4361, 6440, 7791, 9909, 17639, 30686], "binning": [0.0, 0.1, 0.2, 0.30000000000000004, 0.4, 0.5, 0.6000000000000001, 0.7000000000000001, 0.8, 0.9, 1.0]}, "signal-bckg_test": {"separation": 0.46036702394485474}, "bckg_train": {"content": [52465, 30748, 24364, 18428, 19621, 16560, 12452, 9114, 7852, 4205], "binning": [0.0, 0.1, 0.2, 0.30000000000000004, 0.4, 0.5, 0.6000000000000001, 0.7000000000000001, 0.8, 0.9, 1.0]}, "signal_train": {"content": [1798, 3520, 4569, 6010, 10400, 14751, 17926, 23031, 41614, 71956], "binning": [0.0, 0.1, 0.2, 0.30000000000000004, 0.4, 0.5, 0.6000000000000001, 0.7000000000000001, 0.8, 0.9, 1.0]}, "bckg_test": {"content": [22696, 13251, 10302, 7859, 8186, 7078, 5299, 3947, 3416, 1717], "binning": [0.0, 0.1, 0.2, 0.30000000000000004, 0.4, 0.5, 0.6000000000000001, 0.7000000000000001, 0.8, 0.9, 1.0]}}